,pointest,lb,ub,interval width,coverage,estimator,budget,MSE,log interval width
0,-0.07188888195068499,-0.3895867640805963,0.2458090001792263,0.6353957642598226,True,adaptive-plugin,0.1,0.005098885027899904,-0.4535072234266957
1,0.12359197260647936,-0.015106336572105833,0.2622902817850645,0.27739661835717033,True,adaptive-balance,0.1,0.015394451043961928,-1.2823069616689682
2,-0.5049087053774404,-0.8825619160918411,-0.12725549466303965,0.7553064214288014,False,random,0.1,0.254445893059175,-0.28063175587337336
3,-0.000482404458093999,-0.1156738529531453,0.11470904403695731,0.23038289699010261,True,aipw_full,1.0,0.0,-1.468012584729509
4,-0.09673716563874069,-0.4042283360967738,0.2107540048192924,0.6149823409160662,True,adaptive-plugin,0.1,0.009264979049943329,-0.4861617255454887
5,0.04983668483117376,-0.09324701682153566,0.19292038648388318,0.28616740330541884,True,adaptive-balance,0.1,0.0025320107469013016,-1.2511783131561502
6,-0.10982932661321487,-0.47990929865647514,0.2602506454300454,0.7401599440865205,True,random,0.1,0.011956749384798064,-0.30088897548148813
7,-0.000482404458093999,-0.1156738529531453,0.11470904403695731,0.23038289699010261,True,aipw_full,1.0,0.0,-1.468012584729509
8,-0.24961404036291868,-0.6420141792294347,0.1427860985035973,0.784800277733032,True,adaptive-plugin,0.1,0.06206657200861413,-0.2423260168408425
9,-0.11734971005089467,-0.2930776950097165,0.05837827490792716,0.35145596991764366,True,adaptive-balance,0.1,0.01365796711652106,-1.0456708389697258
10,0.08320693652843025,-0.2947488317760504,0.4611627048329109,0.7559115366089613,True,random,0.1,0.007003905794758728,-0.27983092471691273
11,-0.000482404458093999,-0.1156738529531453,0.11470904403695731,0.23038289699010261,True,aipw_full,1.0,0.0,-1.468012584729509
12,-0.06039794536946419,-0.3628116522437655,0.2420157615048371,0.6048274137486026,True,adaptive-plugin,0.1,0.003589872042702075,-0.5028121281787676
13,-0.06071731453190954,-0.19908767282377293,0.07765304375995385,0.2767407165837268,True,adaptive-balance,0.1,0.003628244391600645,-1.2846742523689285
14,-0.03941406314437579,-0.3956700481400514,0.31684192185129983,0.7125119699913512,True,random,0.1,0.0015156740480651403,-0.3389585669925883
15,-0.000482404458093999,-0.1156738529531453,0.11470904403695731,0.23038289699010261,True,aipw_full,1.0,0.0,-1.468012584729509
16,-0.1906088884565833,-0.40302512127502077,0.021807344361854136,0.4248324656368749,True,adaptive-plugin,0.1,0.03614807991762781,-0.8560603862758449
17,-0.12981423998611596,-0.2699910479827773,0.010362568010545387,0.2803536159933227,True,adaptive-balance,0.1,0.016726723681047325,-1.2717035583564429
18,-0.24404335303456748,-0.6315217099241035,0.1434350038549686,0.7749567137790722,True,random,0.1,0.05932193567147156,-0.25494810437693144
19,-0.000482404458093999,-0.1156738529531453,0.11470904403695731,0.23038289699010261,True,aipw_full,1.0,0.0,-1.468012584729509
20,-0.04103942889121659,-0.373943834057278,0.2918649762748448,0.6658088103321228,True,adaptive-plugin,0.1,0.0016448722308689027,-0.4067527212280688
21,-0.08129418249603454,-0.26614889245373347,0.10356052746166439,0.36970941991539785,True,adaptive-balance,0.1,0.006530543469653369,-0.9950379334739824
22,0.03982549548736969,-0.330109871306975,0.4097608622817144,0.7398707335886894,True,random,0.1,0.0016247267980135116,-0.3012797923826169
23,-0.000482404458093999,-0.1156738529531453,0.11470904403695731,0.23038289699010261,True,aipw_full,1.0,0.0,-1.468012584729509
24,0.0524107455838968,-0.23384504733833966,0.33866653850613326,0.5725115858444729,True,adaptive-plugin,0.1,0.002797685321364551,-0.5577223064755913
25,-0.01908988538468137,-0.18172962947127122,0.14354985870190848,0.3252794881731797,True,adaptive-balance,0.1,0.0003462383464333128,-1.1230705025994658
26,0.07024496909791433,-0.30942744020554863,0.4499173784013773,0.7593448186069259,True,random,0.1,0.0050023613701311465,-0.27529929828745636
27,-0.000482404458093999,-0.1156738529531453,0.11470904403695731,0.23038289699010261,True,aipw_full,1.0,0.0,-1.468012584729509
28,-0.11800361406726889,-0.3567054567842981,0.12069822864976029,0.47740368543405837,True,adaptive-plugin,0.1,0.013811234708003621,-0.7393928453039824
29,0.09157629667262623,-0.0513762261946788,0.23452881953993127,0.28590504573461006,True,adaptive-balance,0.1,0.008474804453875271,-1.2520955312100601
30,-0.0861058263891169,-0.46972917821157184,0.29751752543333804,0.7672467036449099,True,random,0.1,0.007331370383177974,-0.2649468818161739
31,-0.000482404458093999,-0.1156738529531453,0.11470904403695731,0.23038289699010261,True,aipw_full,1.0,0.0,-1.468012584729509
32,-0.043121371386037444,-0.27390199193713116,0.1876592491650563,0.4615612411021875,True,adaptive-plugin,0.1,0.0018180815006822548,-0.7731405337300291
33,0.020721527822426866,-0.16149415167725722,0.20293720732211096,0.3644313589993682,True,adaptive-balance,0.1,0.00044960674415691476,-1.009417060769434
34,0.286487068358966,-0.05966756524440908,0.632641701962341,0.6923092672067501,True,random,0.1,0.08235147832890133,-0.3677225052737102
35,-0.000482404458093999,-0.1156738529531453,0.11470904403695731,0.23038289699010261,True,aipw_full,1.0,0.0,-1.468012584729509
36,-0.1590068879794453,-0.4278956451676603,0.10988186920876974,0.5377775143764301,True,adaptive-plugin,0.1,0.025130011875711178,-0.6203103464036935
37,-0.0671523846024118,-0.2647457355170842,0.1304409663122606,0.3951867018293448,True,adaptive-balance,0.1,0.0044448862524437294,-0.928396962891817
38,0.14272566470143733,-0.21758325078581492,0.5030345801886895,0.7206178309745044,True,random,0.1,0.020508551072401106,-0.32764633635243834
39,-0.000482404458093999,-0.1156738529531453,0.11470904403695731,0.23038289699010261,True,aipw_full,1.0,0.0,-1.468012584729509
40,0.18328536249953775,-0.1929150694891526,0.5594857944882281,0.7524008639773807,True,adaptive-plugin,0.1,0.033770592172594455,-0.284486033260625
41,-0.010150843483821448,-0.21947409959474656,0.19917241262710367,0.41864651222185023,True,adaptive-balance,0.1,9.347871319420954e-05,-0.8707283613783419
42,0.06511082658549705,-0.2577515138597303,0.3879731670307244,0.6457246808904546,True,random,0.1,0.004302471958737917,-0.4373820566166011
43,-0.000482404458093999,-0.1156738529531453,0.11470904403695731,0.23038289699010261,True,aipw_full,1.0,0.0,-1.468012584729509
44,-0.25948001539825905,-0.6424245010791299,0.12346447028261182,0.7658889713617417,True,adaptive-plugin,0.1,0.0670797624727131,-0.266718065750181
45,0.0856175512643339,-0.08928932409808202,0.2605244266267498,0.3498137507248318,True,adaptive-balance,0.1,0.007413202375404045,-1.0503544069220303
46,-0.11105896987399211,-0.48369694430745447,0.26157900455947025,0.7452759488669247,True,random,0.1,0.012227176819176394,-0.29400072802049665
47,-0.000482404458093999,-0.1156738529531453,0.11470904403695731,0.23038289699010261,True,aipw_full,1.0,0.0,-1.468012584729509
48,-0.028428884673014965,-0.3895077893716885,0.3326500200256586,0.7221578093973471,True,adaptive-plugin,0.1,0.000781005756402969,-0.32551159140031255
49,0.05150986112622524,-0.09715347731834231,0.2001731995707928,0.2973266768891351,True,adaptive-balance,0.1,0.0027031956805903872,-1.2129238224649976
50,0.17791787555633054,-0.17148480827341978,0.5273205593860808,0.6988053676595005,True,random,0.1,0.031826659909225084,-0.3583830194988734
51,-0.000482404458093999,-0.1156738529531453,0.11470904403695731,0.23038289699010261,True,aipw_full,1.0,0.0,-1.468012584729509
52,0.0026200401099499837,-0.38786979560629165,0.3931098758261916,0.7809796714324833,True,adaptive-plugin,0.1,9.625162297785615e-06,-0.24720615837687668
53,-0.04000451706339603,-0.17245073155619156,0.0924416974293995,0.26489242898559107,True,adaptive-balance,0.1,0.0015619973847861735,-1.328431463763393
54,0.15398223055847887,-0.21923393621225817,0.5271983973292159,0.7464323335414741,True,random,0.1,0.02385932347080307,-0.292450311065883
55,-0.000482404458093999,-0.1156738529531453,0.11470904403695731,0.23038289699010261,True,aipw_full,1.0,0.0,-1.468012584729509
56,-0.07684364927360965,-0.32816888651850185,0.17448158797128255,0.5026504744897844,True,adaptive-plugin,0.1,0.005831039709775116,-0.6878602321546601
57,-0.00874156575121754,-0.15762787807125098,0.1401447465688159,0.2977726246400669,True,adaptive-balance,0.1,6.82137452658301e-05,-1.211425088276401
58,0.259114236713596,-0.10294625220842618,0.6211747256356182,0.7241209778440443,True,random,0.1,0.06739041610762318,-0.3227968040858064
59,-0.000482404458093999,-0.1156738529531453,0.11470904403695731,0.23038289699010261,True,aipw_full,1.0,0.0,-1.468012584729509
60,0.053070941841830255,-0.31519147210920606,0.42133335579286657,0.7365248279020726,True,adaptive-plugin,0.1,0.0028679608999196107,-0.3058123329863095
61,-0.0866724247204192,-0.26586805892178095,0.09252320948094256,0.3583912684027235,True,adaptive-balance,0.1,0.007428719592820028,-1.0261299608937526
62,0.18531395256869132,-0.1933341591645154,0.5639620643018981,0.7572962234664136,True,random,0.1,0.034520286284424676,-0.27800078971433806
63,-0.000482404458093999,-0.1156738529531453,0.11470904403695731,0.23038289699010261,True,aipw_full,1.0,0.0,-1.468012584729509
64,0.01734290355857493,-0.3010818023810536,0.33576760949820345,0.636849411879257,True,adaptive-plugin,0.1,0.00031774160588912155,-0.4512220534307283
65,0.057325718084804245,-0.11713321939942886,0.23178465556903735,0.3489178749684662,True,adaptive-balance,0.1,0.00334177903193474,-1.0529186997472948
66,0.029818247584196267,-0.32869729203745357,0.3883337872058461,0.7170310792432997,True,random,0.1,0.0009181295141879492,-0.3326360930969725
67,-0.000482404458093999,-0.1156738529531453,0.11470904403695731,0.23038289699010261,True,aipw_full,1.0,0.0,-1.468012584729509
68,0.00256426854780345,-0.296699682259445,0.3018282193550519,0.5985279016144969,True,adaptive-plugin,0.1,9.282216404864198e-06,-0.5132821358318267
69,-0.04512543013287562,-0.19340188110761783,0.10315102084186659,0.2965529019494844,True,adaptive-balance,0.1,0.001992999741399211,-1.2155296550447772
70,-0.40812909297732947,-0.7656162047327062,-0.05064198122195268,0.7149742235107536,False,random,0.1,0.16617582266069858,-0.33550878797189465
71,-0.000482404458093999,-0.1156738529531453,0.11470904403695731,0.23038289699010261,True,aipw_full,1.0,0.0,-1.468012584729509
72,0.041804777346417854,-0.2912823155596113,0.374891870252447,0.6661741858120583,True,adaptive-plugin,0.1,0.0017882057449678382,-0.4062041023790932
73,0.058591981858742814,-0.0889806098829071,0.20616457360039273,0.2951451834832998,True,adaptive-balance,0.1,0.0034897831187108764,-1.2202878963061135
74,0.12190691212283145,-0.2783903264351825,0.5222041506808455,0.800594477116028,True,random,0.1,0.014979144813145991,-0.22240073087859968
75,-0.000482404458093999,-0.1156738529531453,0.11470904403695731,0.23038289699010261,True,aipw_full,1.0,0.0,-1.468012584729509
76,-0.14865708536391353,-0.3855176771525197,0.08820350642469263,0.4737211835772123,True,adaptive-plugin,0.1,0.02195573606154144,-0.7471363506577338
77,-0.00609508832448713,-0.18626676785224802,0.17407659120327376,0.3603433590555218,True,adaptive-balance,0.1,3.1502220184069746e-05,-1.0206979269322711
78,0.23487973059109857,-0.10452215813960702,0.5742816193218041,0.6788037774614111,True,random,0.1,0.05539533461491436,-0.38742318072680876
79,-0.000482404458093999,-0.1156738529531453,0.11470904403695731,0.23038289699010261,True,aipw_full,1.0,0.0,-1.468012584729509
80,-0.00018045088863294367,-0.2415904565276189,0.24122955475035301,0.4828200112779719,True,adaptive-plugin,0.2,9.117595811027238e-08,-0.7281113422374975
81,0.019302772499291465,-0.11719221716107711,0.15579776215966004,0.27298997932073715,True,adaptive-balance,0.2,0.0003914532272350567,-1.2983201902556967
82,0.06921744233251587,-0.20002165068662886,0.3384565353516606,0.5384781860382895,True,random,0.2,0.004858068642634488,-0.61900829195589
83,-0.000482404458093999,-0.1156738529531453,0.11470904403695731,0.23038289699010261,True,aipw_full,1.0,0.0,-1.468012584729509
84,0.11722448908991112,-0.049350355820325514,0.2837993340001478,0.3331496898204733,True,adaptive-plugin,0.2,0.01385491278872141,-1.0991633710246822
85,-0.011071589601948428,-0.19146213716862362,0.16931895796472676,0.3607810951333504,True,adaptive-balance,0.2,0.00011213084201082735,-1.019483889246958
86,-0.07760598812880781,-0.3280551854762165,0.17284320921860086,0.5008983946948173,True,random,0.2,0.005948047158213595,-0.6913520034653517
87,-0.000482404458093999,-0.1156738529531453,0.11470904403695731,0.23038289699010261,True,aipw_full,1.0,0.0,-1.468012584729509
88,-0.07390732784409226,-0.3204683342378748,0.1726536785496903,0.4931220127875651,True,adaptive-plugin,0.2,0.005391219374239715,-0.7069986451188455
89,-0.011780543789758458,-0.1324911298698196,0.10893004229030266,0.24142117216012224,True,adaptive-balance,0.2,0.0001276479523577034,-1.4212122684474684
90,-0.09255479093276897,-0.340024314426035,0.15491473256049704,0.494939046986532,True,random,0.2,0.00847732435114191,-0.7033206613964244
91,-0.000482404458093999,-0.1156738529531453,0.11470904403695731,0.23038289699010261,True,aipw_full,1.0,0.0,-1.468012584729509
92,0.16108628700675953,-0.03593962197419634,0.3581121959877154,0.3940518179619117,True,adaptive-plugin,0.2,0.026104442061665033,-0.9312728606620672
93,-0.03230405683511739,-0.1714530432899756,0.10684492961974082,0.2782979729097164,True,adaptive-balance,0.2,0.0010126175600041183,-1.279062894308237
94,-0.131338144112224,-0.376711962978334,0.11403567475388596,0.4907476377322199,True,random,0.2,0.01712322460042945,-0.7118252594240702
95,-0.000482404458093999,-0.1156738529531453,0.11470904403695731,0.23038289699010261,True,aipw_full,1.0,0.0,-1.468012584729509
96,-0.1071185185094693,-0.30388381480151816,0.08964677778257954,0.39353059258409767,True,adaptive-plugin,0.2,0.01137126081997792,-0.9325964693331876
97,0.022467238348866547,-0.10525363313056985,0.15018810982830294,0.2554417429588728,True,adaptive-balance,0.2,0.0005266861049670759,-1.3647609072396942
98,0.062091815656622695,-0.18459552491747994,0.3087791562307253,0.49337468114820526,True,random,0.2,0.003915533022965015,-0.7064863912659569
99,-0.000482404458093999,-0.1156738529531453,0.11470904403695731,0.23038289699010261,True,aipw_full,1.0,0.0,-1.468012584729509
100,0.007840616544741108,-0.24574446593392796,0.2614256990234102,0.5071701649573381,True,adaptive-plugin,0.2,6.92726786136343e-05,-0.6789087006229026
101,0.0800432592979402,-0.04614880663586604,0.20623532523174645,0.2523841318676125,True,adaptive-balance,0.2,0.006484382523349881,-1.3768030192786886
102,0.15296148368921336,-0.09778606030117154,0.40370902767959826,0.5014950879807698,True,random,0.2,0.02354502680976337,-0.6901614662826117
103,-0.000482404458093999,-0.1156738529531453,0.11470904403695731,0.23038289699010261,True,aipw_full,1.0,0.0,-1.468012584729509
104,-0.04786407392512426,-0.29947442280326275,0.20374627495301423,0.503220697756277,True,adaptive-plugin,0.2,0.002245022601482908,-0.6867264421757635
105,0.02224767790934845,-0.10232176615598033,0.14681712197467722,0.24913888813065754,True,adaptive-balance,0.2,0.0005166566444307182,-1.389744754363652
106,-0.12684496879151785,-0.3940042535588166,0.14031431597578087,0.5343185695345974,True,random,0.2,0.015967497664918683,-0.6267630457382057
107,-0.000482404458093999,-0.1156738529531453,0.11470904403695731,0.23038289699010261,True,aipw_full,1.0,0.0,-1.468012584729509
108,0.013158813165176753,-0.19282544013459413,0.21914306646494763,0.41196850659954176,True,adaptive-plugin,0.2,0.00018608281824543252,-0.8868083728466931
109,-0.08261114766288058,-0.22670724270718226,0.0614849473814211,0.28819219008860336,True,adaptive-balance,0.2,0.006745130460397778,-1.2441276947131021
110,-0.049005436677136416,-0.30191396466514075,0.20390309131086792,0.5058170559760087,True,random,0.2,0.0023544846557302284,-0.6815802245239617
111,-0.000482404458093999,-0.1156738529531453,0.11470904403695731,0.23038289699010261,True,aipw_full,1.0,0.0,-1.468012584729509
112,0.08595797234010205,-0.08481812802670319,0.2567340727069073,0.3415522007336105,True,adaptive-plugin,0.2,0.00747193874101411,-1.0742547544533187
113,-0.07519246373705368,-0.23958927530438084,0.08920434783027348,0.3287936231346543,True,adaptive-balance,0.2,0.00558159295746567,-1.112325010347509
114,-0.03442450843047529,-0.29150668981151784,0.22265767295056726,0.5141643627620851,True,random,0.2,0.0011520664220719416,-0.6652122927324413
115,-0.000482404458093999,-0.1156738529531453,0.11470904403695731,0.23038289699010261,True,aipw_full,1.0,0.0,-1.468012584729509
116,-0.10752565367625666,-0.2877161140117776,0.07266480665926428,0.3603809206710419,True,adaptive-plugin,0.2,0.011458257203181681,-1.0205936939638234
117,-0.016971273786260066,-0.14212954575264652,0.10818699818012639,0.2503165439327729,True,adaptive-balance,0.2,0.0002718828117213357,-1.3850289863132872
118,0.07935821749274241,-0.1754837125159498,0.3342001475014346,0.5096838600173844,True,random,0.2,0.0063745249134963804,-0.6739646277890987
119,-0.000482404458093999,-0.1156738529531453,0.11470904403695731,0.23038289699010261,True,aipw_full,1.0,0.0,-1.468012584729509
120,0.08171612711317489,-0.1962368061092425,0.35966906033559226,0.5559058664448348,True,adaptive-plugin,0.2,0.0067565985924728875,-0.5871563040205897
121,-0.028013411726648507,-0.13821486748935347,0.08218804403605647,0.22040291152540994,True,adaptive-balance,0.2,0.0007579563612212011,-1.5122979916027461
122,0.12888355957281816,-0.11907046732770654,0.37683758647334287,0.4959080538010494,True,random,0.2,0.01673555264964726,-0.7013647448424629
123,-0.000482404458093999,-0.1156738529531453,0.11470904403695731,0.23038289699010261,True,aipw_full,1.0,0.0,-1.468012584729509
124,-0.04744816868033652,-0.37446214655837134,0.2795658091976983,0.6540279557560696,True,adaptive-plugin,0.2,0.002205783008979276,-0.4246051826341264
125,-0.0468180714854568,-0.18552680656213122,0.09189066359121761,0.27741747015334883,True,adaptive-balance,0.2,0.0021469940388706365,-1.2822317948820385
126,0.08417861848532804,-0.163584943834571,0.3319421808052271,0.4955271246397981,True,random,0.2,0.0071674888058266325,-0.7021331847531695
127,-0.000482404458093999,-0.1156738529531453,0.11470904403695731,0.23038289699010261,True,aipw_full,1.0,0.0,-1.468012584729509
128,0.10769524682732645,-0.14099438833029837,0.3563848819849513,0.49737927031524964,True,adaptive-plugin,0.2,0.011702404237630028,-0.6984024245664484
129,-0.043521164455499584,-0.16143035413915757,0.07438802522815842,0.235818379367316,True,adaptive-balance,0.2,0.0018523348621142792,-1.4446933491864755
130,0.16711144314627702,-0.07538222821412,0.40960511450667403,0.484987342720794,True,random,0.2,0.028087697754837136,-0.7236324858680979
131,-0.000482404458093999,-0.1156738529531453,0.11470904403695731,0.23038289699010261,True,aipw_full,1.0,0.0,-1.468012584729509
132,0.00483276544899669,-0.18543290639723806,0.19509843729523144,0.3805313436924695,True,adaptive-plugin,0.2,2.825103114124244e-05,-0.9661867300599712
133,0.04146793406658755,-0.0872091277520399,0.170144995885215,0.2573541236372549,True,adaptive-balance,0.2,0.001759830902335381,-1.357302229552432
134,-0.016046425132410502,-0.2807383768734342,0.24864552660861322,0.5293839034820474,True,random,0.2,0.00024223873955055153,-0.6360413948609656
135,-0.000482404458093999,-0.1156738529531453,0.11470904403695731,0.23038289699010261,True,aipw_full,1.0,0.0,-1.468012584729509
136,-0.11987248430179487,-0.3684890043808693,0.12874403577727958,0.4972330401581489,True,adaptive-plugin,0.2,0.014253991165085269,-0.6986964691034293
137,0.07943407232398758,-0.037734942026697874,0.19660308667467302,0.23433802870137088,True,adaptive-balance,0.2,0.006386643261260984,-1.450990638907872
138,0.004214773928883364,-0.2534026670832414,0.2618322149410081,0.5152348820242495,True,random,0.2,2.2063484799087263e-05,-0.6631324006915172
139,-0.000482404458093999,-0.1156738529531453,0.11470904403695731,0.23038289699010261,True,aipw_full,1.0,0.0,-1.468012584729509
140,-0.09854519239933768,-0.3048294281520932,0.10773904335341783,0.412568471505511,True,adaptive-plugin,0.2,0.009616310378809327,-0.8853530954539592
141,0.052421850025444416,-0.06749142205504931,0.17233512210593815,0.23982654416098748,True,adaptive-balance,0.2,0.0027988601424589945,-1.427839349599855
142,0.03743902257392173,-0.19037651737670377,0.26525456252454727,0.45563107990125107,True,random,0.2,0.0014380346281444934,-0.7860718322177087
143,-0.000482404458093999,-0.1156738529531453,0.11470904403695731,0.23038289699010261,True,aipw_full,1.0,0.0,-1.468012584729509
144,0.016032553005991934,-0.18730979759990576,0.21937490361188963,0.4066847012117954,True,adaptive-plugin,0.2,0.00027274382004056766,-0.8997170836641345
145,-0.0624270534940744,-0.1844509967398235,0.05959688975167468,0.24404788649149817,True,adaptive-balance,0.2,0.0038371395441907877,-1.4103908168319492
146,-0.07454922984816326,-0.321927605934062,0.17282914623773551,0.49475675217179754,True,random,0.2,0.005485894623363008,-0.7036890469487346
147,-0.000482404458093999,-0.1156738529531453,0.11470904403695731,0.23038289699010261,True,aipw_full,1.0,0.0,-1.468012584729509
148,0.0693781277847797,-0.11079013402179999,0.24954638959135939,0.3603365236131594,True,adaptive-plugin,0.2,0.004880493965257596,-1.0207168963596882
149,-0.030020833744123454,-0.16686279944326027,0.10682113195501336,0.2736839313982736,True,adaptive-balance,0.2,0.0008725188046857625,-1.2957813734705022
150,0.03068521288065118,-0.22195131293224468,0.28332173869354704,0.5052730516257917,True,random,0.2,0.0009714203705744491,-0.6826562995416491
151,-0.000482404458093999,-0.1156738529531453,0.11470904403695731,0.23038289699010261,True,aipw_full,1.0,0.0,-1.468012584729509
152,-0.1924862659659089,-0.4100628504817295,0.025090318549911755,0.4351531690316413,True,adaptive-plugin,0.2,0.036865482833912167,-0.8320571971541706
153,0.045979052246681196,-0.06904617131406658,0.161004275807429,0.23005044712149558,True,adaptive-balance,0.2,0.0021586669591296998,-1.4694566587985638
154,0.13735442523437902,-0.11628935106361987,0.3909982015323779,0.5072875525959978,True,random,0.2,0.01899899161967181,-0.678677271284543
155,-0.000482404458093999,-0.1156738529531453,0.11470904403695731,0.23038289699010261,True,aipw_full,1.0,0.0,-1.468012584729509
156,-0.24218205330074105,-0.5444694612593797,0.060105354657897514,0.6045748159172771,True,adaptive-plugin,0.2,0.0584187202506589,-0.5032298516272654
157,0.10339118789679025,-0.027112993682302383,0.23389536947588288,0.26100836315818526,True,adaptive-balance,0.2,0.010789723188708668,-1.343202829421134
158,-0.056887180881932786,-0.31343864076859684,0.19966427900473127,0.5131029197733281,True,random,0.2,0.00318149880342324,-0.6672788305937176
159,-0.000482404458093999,-0.1156738529531453,0.11470904403695731,0.23038289699010261,True,aipw_full,1.0,0.0,-1.468012584729509
160,-0.04594712215366048,-0.21022381816440372,0.11832957385708276,0.3285533920214865,True,adaptive-plugin,0.3,0.0020670405551375557,-1.1130559214745817
161,-0.007514577377975784,-0.13259101175439122,0.11756185699843966,0.2501528687528309,True,adaptive-balance,0.3,4.945145597511871e-05,-1.3856830729832361
162,-0.021557086551030946,-0.2353063827771466,0.1921922096750847,0.4274985924522313,True,random,0.3,0.0004441422253183572,-0.8498042831201429
163,-0.000482404458093999,-0.1156738529531453,0.11470904403695731,0.23038289699010261,True,aipw_full,1.0,0.0,-1.468012584729509
164,-0.029650044939170894,-0.29081028007115894,0.23151019019281716,0.5223204702639761,True,adaptive-plugin,0.3,0.0008507512512333556,-0.6494739517672519
165,0.019369600054324976,-0.16050032622769894,0.1992395263363489,0.35973985256404784,True,adaptive-balance,0.3,0.00039410208316110334,-1.0223741405227038
166,0.11191452570510418,-0.10690032254168141,0.3307293739518898,0.4376296964935712,True,random,0.3,0.01263306991011085,-0.8263821679886657
167,-0.000482404458093999,-0.1156738529531453,0.11470904403695731,0.23038289699010261,True,aipw_full,1.0,0.0,-1.468012584729509
168,-0.060914066533545586,-0.29384111882908237,0.1720129857619912,0.46585410459107357,True,adaptive-plugin,0.3,0.0036519857812015734,-0.7638827741530189
169,-0.010812300400112496,-0.1135920302674247,0.09196742946719971,0.20555945973462442,True,adaptive-balance,0.3,0.00010670675017293021,-1.582019945122778
170,-0.09288957783313523,-0.30182285938887427,0.11604370372260381,0.4178665631114781,True,random,0.3,0.00853908569116493,-0.872593124427201
171,-0.000482404458093999,-0.1156738529531453,0.11470904403695731,0.23038289699010261,True,aipw_full,1.0,0.0,-1.468012584729509
172,-0.09915402703893195,-0.2732153348405824,0.07490728076271852,0.34812261560330093,True,adaptive-plugin,0.3,0.009736089102735329,-1.0552005175784767
173,-0.06382178768101099,-0.19036061043400526,0.06271703507198328,0.25307764550598855,True,adaptive-balance,0.3,0.004011877467059538,-1.374058938105397
174,0.03681922599847043,-0.16873895449065524,0.2423774064875961,0.4111163609782513,True,random,0.3,0.0013914116347180949,-0.8888789878204779
175,-0.000482404458093999,-0.1156738529531453,0.11470904403695731,0.23038289699010261,True,aipw_full,1.0,0.0,-1.468012584729509
176,-0.008610138879477258,-0.19258246154403488,0.17536218378508037,0.36794464532911525,True,adaptive-plugin,0.3,6.606006682453827e-05,-0.9998227724287916
177,-0.01107433299050431,-0.12125759847572393,0.09910893249471531,0.22036653097043923,True,adaptive-balance,0.3,0.00011218895003568764,-1.5124630690856464
178,0.017925504438315087,-0.18400392938088975,0.21985493825751992,0.40385886763840967,True,random,0.3,0.00033885110993849677,-0.9066897995822447
179,-0.000482404458093999,-0.1156738529531453,0.11470904403695731,0.23038289699010261,True,aipw_full,1.0,0.0,-1.468012584729509
180,-0.018505557311629395,-0.2089583709070411,0.17194725628378232,0.38090562719082344,True,adaptive-plugin,0.3,0.00032483403878190106,-0.9652036321994494
181,-0.033883742896754554,-0.1460480970322741,0.07828061123876498,0.22432870827103907,True,adaptive-balance,0.3,0.0011156494094939431,-1.4946428551376385
182,0.01628173604420846,-0.20133162472028893,0.23389509680870585,0.4352267215289948,True,random,0.3,0.0002810364067809378,-0.8318881847532035
183,-0.000482404458093999,-0.1156738529531453,0.11470904403695731,0.23038289699010261,True,aipw_full,1.0,0.0,-1.468012584729509
184,0.03376057364684337,-0.1114841227454007,0.17900527003908745,0.29048939278448815,True,adaptive-plugin,0.3,0.0011725815494952202,-1.2361882170074538
185,-0.10346353033456945,-0.24365990512323177,0.03673284445409286,0.28039274957732463,True,adaptive-balance,0.3,0.010605112286786482,-1.2715639815835267
186,-0.17438444242347984,-0.3804750267576954,0.0317061419107357,0.4121811686684311,True,random,0.3,0.030241918808514498,-0.886292296507671
187,-0.000482404458093999,-0.1156738529531453,0.11470904403695731,0.23038289699010261,True,aipw_full,1.0,0.0,-1.468012584729509
188,-0.015926021617497343,-0.21182586489697317,0.17997382166197848,0.39179968655895164,True,adaptive-plugin,0.3,0.00023850531096621742,-0.9370045734746925
189,0.12276609320878462,0.009673279524712822,0.23585890689285643,0.22618562736814363,False,adaptive-balance,0.3,0.015190192177142585,-1.48639925680538
190,0.031884855861620265,-0.17844215218448398,0.2422118639077245,0.4206540160922085,True,random,0.3,0.0010476395406041495,-0.8659445976822429
191,-0.000482404458093999,-0.1156738529531453,0.11470904403695731,0.23038289699010261,True,aipw_full,1.0,0.0,-1.468012584729509
192,-0.05937523720661986,-0.2294779246642065,0.11072745025096678,0.3402053749151733,True,adaptive-plugin,0.3,0.0034683657491458397,-1.0782057998648382
193,0.16736205372470958,0.005073340302346352,0.3296507671470728,0.32457742684472646,False,adaptive-balance,0.3,0.0281717621426789,-1.1252311677716242
194,0.05933137592253679,-0.1544449342436967,0.2731076860887703,0.427552620332467,True,random,0.3,0.0035776883234223326,-0.8496779096830908
195,-0.000482404458093999,-0.1156738529531453,0.11470904403695731,0.23038289699010261,True,aipw_full,1.0,0.0,-1.468012584729509
196,-0.009106515624189737,-0.2311789243925313,0.21296589314415182,0.4441448175366831,True,adaptive-plugin,0.3,7.43752934051772e-05,-0.8116046041071956
197,0.0818522667956556,-0.016096051688135382,0.1798005852794466,0.19589663696758197,True,adaptive-balance,0.3,0.006778998090463021,-1.6301681212663794
198,0.024735902379042884,-0.18690665816784324,0.236378462925929,0.42328512109377225,True,random,0.3,0.0006359629997319849,-0.8597092818633126
199,-0.000482404458093999,-0.1156738529531453,0.11470904403695731,0.23038289699010261,True,aipw_full,1.0,0.0,-1.468012584729509
200,0.004069822191273276,-0.16981928605217084,0.1779589304347174,0.3477782164868882,True,adaptive-plugin,0.3,2.0722767467209605e-05,-1.0561903113210573
201,-0.128529947996129,-0.2950249772668842,0.03796508127462622,0.3329900585415104,True,adaptive-balance,0.3,0.016396173406124967,-1.0996426436770381
202,-0.10683308588124851,-0.3098725110710584,0.09620633930856137,0.40607885037961977,True,random,0.3,0.011310467439169303,-0.9012079254795764
203,-0.000482404458093999,-0.1156738529531453,0.11470904403695731,0.23038289699010261,True,aipw_full,1.0,0.0,-1.468012584729509
204,0.03223444263297193,-0.11994323841660792,0.18441212368255178,0.3043553620991597,True,adaptive-plugin,0.3,0.0010703920835801889,-1.189559305997436
205,0.03871145589832614,-0.10733812201513374,0.18476103381178602,0.29209915582691975,True,adaptive-balance,0.3,0.0015361586896385623,-1.2306619596065866
206,-0.19699635918146602,-0.4069383504425819,0.012945632079649882,0.4198839825222318,True,random,0.3,0.03861773440101951,-0.8677768379537584
207,-0.000482404458093999,-0.1156738529531453,0.11470904403695731,0.23038289699010261,True,aipw_full,1.0,0.0,-1.468012584729509
208,-0.007907568906036833,-0.1896282853077193,0.17381314749564564,0.36344143280336494,True,adaptive-plugin,0.3,5.51330670789942e-05,-1.012137115200644
209,0.10242885772845534,0.0033162033446137162,0.20154151211229696,0.19822530876768324,False,adaptive-balance,0.3,0.0105907278848287,-1.6183509721622151
210,-0.2814416728919256,-0.48792291400285226,-0.07496043178099898,0.4129624822218533,False,random,0.3,0.07893811051887385,-0.8843985322253328
211,-0.000482404458093999,-0.1156738529531453,0.11470904403695731,0.23038289699010261,True,aipw_full,1.0,0.0,-1.468012584729509
212,0.10311578412086375,-0.10543377058230186,0.31166533882402936,0.4170991094063312,True,adaptive-plugin,0.3,0.010732584676841293,-0.8744314129857098
213,-0.005416458691138937,-0.12062918584290915,0.10979626846063127,0.23042545430354042,True,adaptive-balance,0.3,2.434489117462867e-05,-1.4678278775147229
214,-0.005973311252545854,-0.22002109528048966,0.20807447277539795,0.4280955680558876,True,random,0.3,3.0150057425357547e-05,-0.8484088184756038
215,-0.000482404458093999,-0.1156738529531453,0.11470904403695731,0.23038289699010261,True,aipw_full,1.0,0.0,-1.468012584729509
216,-0.032855896891728964,-0.19729713948614347,0.13158534570268554,0.328882485188829,True,adaptive-plugin,0.3,0.0010480430123506203,-1.1120547798994487
217,0.0239524006740508,-0.08342937998397236,0.13133418133207397,0.21476356131604635,True,adaptive-balance,0.3,0.0005970597018458898,-1.5382175707935792
218,-0.06943709148466892,-0.2756434279429162,0.1367692449735783,0.41241267291649447,True,random,0.3,0.0047547488629329,-0.8857307976400568
219,-0.000482404458093999,-0.1156738529531453,0.11470904403695731,0.23038289699010261,True,aipw_full,1.0,0.0,-1.468012584729509
220,-0.020399988099980115,-0.1952039230498148,0.15440394684985456,0.34960786989966935,True,adaptive-plugin,0.3,0.0003967101381315294,-1.0509431242994682
221,0.0022259234509838244,-0.11827234096877792,0.12272418787074557,0.2409965288395235,True,adaptive-balance,0.3,7.335040063089855e-06,-1.422972748750713
222,-0.1353842417883142,-0.34436781198666644,0.07359932841003802,0.41796714039670446,True,random,0.3,0.018198505715069195,-0.8723524610385637
223,-0.000482404458093999,-0.1156738529531453,0.11470904403695731,0.23038289699010261,True,aipw_full,1.0,0.0,-1.468012584729509
224,-0.024059534113414327,-0.20841217327866077,0.1602931050518321,0.3687052783304929,True,adaptive-plugin,0.3,0.0005558810427837852,-0.9977576577867608
225,-0.06580932781561366,-0.16872500522447859,0.03710634959325128,0.20583135481772988,True,adaptive-balance,0.3,0.004267606915359248,-1.5806981114158674
226,0.017535454745622236,-0.1917267831440989,0.22679769263534338,0.4185244757794423,True,random,0.3,0.00032464325028494186,-0.8710199062240697
227,-0.000482404458093999,-0.1156738529531453,0.11470904403695731,0.23038289699010261,True,aipw_full,1.0,0.0,-1.468012584729509
228,0.013918252302489553,-0.173529222491537,0.2013657270965161,0.3748949495880531,True,adaptive-plugin,0.3,0.00020737891513614078,-0.981109426688564
229,-0.017987322975531406,-0.12747583947677868,0.09150119352571587,0.21897703300249455,True,adaptive-balance,0.3,0.000306422172302123,-1.5187884267998313
230,-0.0005324226928657971,-0.2163796484993467,0.21531480311361512,0.4316944516129618,True,random,0.3,2.5018238096867146e-09,-0.8400372289170999
231,-0.000482404458093999,-0.1156738529531453,0.11470904403695731,0.23038289699010261,True,aipw_full,1.0,0.0,-1.468012584729509
232,-0.03884902796702361,-0.26898792036715535,0.19128986443310816,0.46027778480026355,True,adaptive-plugin,0.3,0.0014719977994759501,-0.7759250917605783
233,-0.06724203921038918,-0.20187781106397829,0.06739373264319992,0.2692715437071782,True,adaptive-balance,0.3,0.0044568488322598585,-1.3120349523780344
234,0.042118727744409945,-0.1629683274346846,0.24720578292350448,0.41017411035818907,True,random,0.3,0.0018148564649352185,-0.8911735500158547
235,-0.000482404458093999,-0.1156738529531453,0.11470904403695731,0.23038289699010261,True,aipw_full,1.0,0.0,-1.468012584729509
236,-0.03135282578199727,-0.19374492893821735,0.1310392773742228,0.32478420631244015,True,adaptive-plugin,0.3,0.000952982912715302,-1.1245942977622352
237,0.017975412775914634,-0.08033352652662287,0.11628435207845214,0.196617878605075,True,adaptive-balance,0.3,0.0003406910170440661,-1.626493136415596
238,0.1535719672925383,-0.04943511371703166,0.3565790483021083,0.40601416201914,True,random,0.3,0.023732749455482014,-0.9013672381682191
239,-0.000482404458093999,-0.1156738529531453,0.11470904403695731,0.23038289699010261,True,aipw_full,1.0,0.0,-1.468012584729509
240,-0.032574292148649264,-0.1957260368265411,0.13057745252924258,0.3263034893557837,True,adaptive-plugin,0.4,0.0010298892555432127,-1.1199273817355229
241,0.007561608369343831,-0.08603657199358472,0.10115978873227238,0.1871963607258571,True,adaptive-balance,0.4,6.470614236798435e-05,-1.6755971556946183
242,-0.04423056934554248,-0.22890125593703703,0.14044011724595207,0.3693413731829891,True,random,0.4,0.0019139019310193803,-0.9960339320339497
243,-0.000482404458093999,-0.1156738529531453,0.11470904403695731,0.23038289699010261,True,aipw_full,1.0,0.0,-1.468012584729509
244,-0.012404446470983821,-0.14985858399807542,0.12504969105610778,0.2749082750541832,True,adaptive-plugin,0.4,0.00014213508575710998,-1.291317782211673
245,-0.05640701045146601,-0.1752781064387106,0.06246408553577858,0.23774219197448918,True,adaptive-balance,0.4,0.0031275615555139006,-1.4365684194229953
246,-0.0005510713346653651,-0.1866513303558539,0.18554918768652318,0.3722005180423771,True,random,0.4,4.71513993806722e-09,-0.9883225429362205
247,-0.000482404458093999,-0.1156738529531453,0.11470904403695731,0.23038289699010261,True,aipw_full,1.0,0.0,-1.468012584729509
248,0.0020447395709151106,-0.13486298583149364,0.13895246497332386,0.2738154508048175,True,adaptive-plugin,0.4,6.386456943356396e-06,-1.2953009367308497
249,-0.002612856323920165,-0.1008031783657008,0.09557746571786047,0.19638064408356126,True,adaptive-balance,0.4,4.538825152602193e-06,-1.6277004414645133
250,-0.0502118101239335,-0.22742541720664985,0.12700179695878286,0.3544272141654327,True,random,0.4,0.0024730137878776295,-1.0372522737935181
251,-0.000482404458093999,-0.1156738529531453,0.11470904403695731,0.23038289699010261,True,aipw_full,1.0,0.0,-1.468012584729509
252,0.013746741773705273,-0.11808669792359902,0.14558018147100957,0.2636668793946086,True,adaptive-plugin,0.4,0.00020246860248592744,-1.3330687930765646
253,-0.10066852613852673,-0.20420847626706207,0.0028714239900086147,0.20707990025707068,True,adaptive-balance,0.4,0.010037258977366473,-1.5746505686123022
254,-0.16544319694655518,-0.3441434115735186,0.013257017680408184,0.35740042925392673,True,random,0.4,0.02721206305842115,-1.0288984752112893
255,-0.000482404458093999,-0.1156738529531453,0.11470904403695731,0.23038289699010261,True,aipw_full,1.0,0.0,-1.468012584729509
256,-0.07266204038292035,-0.21856013141174582,0.07323605064590513,0.29179618205765095,True,adaptive-plugin,0.4,0.005209899842240482,-1.2316997270857974
257,0.013514876004888876,-0.08271128613218362,0.10974103814196137,0.192452324274145,True,adaptive-balance,0.4,0.00019592386035940208,-1.6479068220369513
258,-0.0038039029753549336,-0.1818543336267411,0.17424652767603124,0.35610086130277235,True,random,0.4,1.1032352400166587e-05,-1.0325412699909333
259,-0.000482404458093999,-0.1156738529531453,0.11470904403695731,0.23038289699010261,True,aipw_full,1.0,0.0,-1.468012584729509
260,0.06498875214878697,-0.08104488097009979,0.21102238526767372,0.2920672662377735,True,adaptive-plugin,0.4,0.004286472347442733,-1.2307711394155363
261,-0.07530550434207572,-0.18911726829415332,0.03850625961000187,0.2276235279041552,True,adaptive-balance,0.4,0.005598496276248306,-1.4800622081528385
262,0.09881546721369727,-0.08631632931110608,0.28394726373850065,0.37026359304960677,True,random,0.4,0.009860067318547527,-0.9935401133424236
263,-0.000482404458093999,-0.1156738529531453,0.11470904403695731,0.23038289699010261,True,aipw_full,1.0,0.0,-1.468012584729509
264,0.00578335569172217,-0.13266777185413803,0.14423448323758237,0.2769022550917204,True,adaptive-plugin,0.4,3.925975025502434e-05,-1.2840907047729433
265,-0.10840539154050222,-0.1987149243222828,-0.018095858758721634,0.18061906556356117,False,adaptive-balance,0.4,0.011647371140789651,-1.7113650756666041
266,0.03834137627748113,-0.14177249855037624,0.2184552511053385,0.36022774965571475,True,random,0.4,0.0015072859506040147,-1.0210188096304569
267,-0.000482404458093999,-0.1156738529531453,0.11470904403695731,0.23038289699010261,True,aipw_full,1.0,0.0,-1.468012584729509
268,0.04227733557219171,-0.08142077347618112,0.16597544462056454,0.24739621809674567,True,adaptive-plugin,0.4,0.0018283953674576182,-1.3967641057341813
269,-0.05016735990193144,-0.1331512358875283,0.032816516083665426,0.16596775197119373,True,adaptive-balance,0.4,0.0024685947974561117,-1.795961774731301
270,-0.006315063657036046,-0.18227077720653276,0.16964064989246067,0.3519114270989934,True,random,0.4,3.401991333100328e-05,-1.0443757626072439
271,-0.000482404458093999,-0.1156738529531453,0.11470904403695731,0.23038289699010261,True,aipw_full,1.0,0.0,-1.468012584729509
272,0.011900355019072606,-0.16867810978447192,0.19247881982261714,0.36115692960708906,True,adaptive-plugin,0.4,0.00015333273226935938,-1.01844270705455
273,0.050873630749112,-0.045183042216079036,0.14693030371430305,0.1921133459303821,True,adaptive-balance,0.4,0.002637442352203782,-1.6496697377510574
274,0.043605627212036646,-0.13826798536128038,0.22547923978535367,0.36374722514663405,True,random,0.4,0.0019437545365464427,-1.0112960889883933
275,-0.000482404458093999,-0.1156738529531453,0.11470904403695731,0.23038289699010261,True,aipw_full,1.0,0.0,-1.468012584729509
276,-0.03568553715025269,-0.20764077829616345,0.13626970399565808,0.34391048229182153,True,adaptive-plugin,0.4,0.0012392605513417319,-1.06737388136924
277,-0.00013961648438443053,-0.09213337276521133,0.09185413979644247,0.1839875125616538,True,adaptive-balance,0.4,1.1750359491991181e-07,-1.6928873901889385
278,-0.03524904932276374,-0.2130194771667785,0.14252137852125102,0.3555408556880295,True,random,0.4,0.0012087195951460666,-1.0341151117626166
279,-0.000482404458093999,-0.1156738529531453,0.11470904403695731,0.23038289699010261,True,aipw_full,1.0,0.0,-1.468012584729509
280,0.03317251331865223,-0.12846299248713167,0.19480801912443613,0.3232710116115678,True,adaptive-plugin,0.4,0.0011326534905595493,-1.1292642623241123
281,0.033451277342724794,-0.07767527118222382,0.14457782586767343,0.22225309704989726,True,adaptive-balance,0.4,0.0011514947605592205,-1.5039384697025493
282,-0.047853647056596116,-0.23036802653425537,0.13466073242106313,0.3650287589553185,True,random,0.4,0.0022440346253261418,-1.0077791368451383
283,-0.000482404458093999,-0.1156738529531453,0.11470904403695731,0.23038289699010261,True,aipw_full,1.0,0.0,-1.468012584729509
284,-0.02597332403480268,-0.1918486420840951,0.13990199401448974,0.33175063609858485,True,adaptive-plugin,0.4,0.0006497869808662299,-1.1033716883682376
285,-0.030826204746703167,-0.14289263344996408,0.08124022395655775,0.22413285740652183,True,adaptive-balance,0.4,0.0009207462159549979,-1.4955162895273721
286,0.07323171373165571,-0.10800966517009483,0.25447309263340623,0.36248275780350103,True,random,0.4,0.0054337712204923895,-1.0147783704986402
287,-0.000482404458093999,-0.1156738529531453,0.11470904403695731,0.23038289699010261,True,aipw_full,1.0,0.0,-1.468012584729509
288,0.020892940637910362,-0.16362723407205557,0.2054131153478763,0.36904034941993186,True,adaptive-plugin,0.4,0.0004569053779732777,-0.9968492928981736
289,0.01637197757205222,-0.07723802438835897,0.10998197953246341,0.1872200039208224,True,adaptive-balance,0.4,0.0002840701936181158,-1.675470862096212
290,0.0724108308526854,-0.10235453445339016,0.24717619615876096,0.3495307306121511,True,random,0.4,0.005313423754072657,-1.051163793814139
291,-0.000482404458093999,-0.1156738529531453,0.11470904403695731,0.23038289699010261,True,aipw_full,1.0,0.0,-1.468012584729509
292,-0.05535201642105192,-0.21467829699399527,0.10397426415189143,0.3186525611458867,True,adaptive-plugin,0.4,0.003010674316965575,-1.1436539197650815
293,0.088801049364862,-0.010222591567968745,0.18782469029769272,0.19804728186566145,True,adaptive-balance,0.4,0.007971535126555915,-1.6192494794938186
294,0.08953745864278251,-0.09035436961574514,0.2694292869013102,0.35978365651705535,True,random,0.4,0.008103575752700548,-1.0222523822965757
295,-0.000482404458093999,-0.1156738529531453,0.11470904403695731,0.23038289699010261,True,aipw_full,1.0,0.0,-1.468012584729509
296,0.08686802351036005,-0.09105916400415015,0.26479521102487025,0.3558543750290204,True,adaptive-plugin,0.4,0.007630097266272079,-1.0332336907247703
297,0.02163968893542667,-0.07219470399543494,0.11547408186628828,0.18766878586172323,True,adaptive-balance,0.4,0.0004893870161116508,-1.6730766472383114
298,-0.004209488814308937,-0.18552804852065674,0.17710907089203887,0.3626371194126956,True,random,0.4,1.389115779834212e-05,-1.0143526157610403
299,-0.000482404458093999,-0.1156738529531453,0.11470904403695731,0.23038289699010261,True,aipw_full,1.0,0.0,-1.468012584729509
300,0.027222179939481284,-0.11992696263646815,0.17437132251543072,0.2942982851518989,True,adaptive-plugin,0.4,0.0007675439966423718,-1.2231614506305701
301,-0.08853825209526789,-0.2330511024303659,0.055974598239830115,0.289025700670196,True,adaptive-balance,0.4,0.007753832303101183,-1.2412396651690547
302,-0.048242620725179375,-0.23172943749168876,0.13524419604133,0.36697363353301876,True,random,0.4,0.0022810382578787665,-1.0024652767426967
303,-0.000482404458093999,-0.1156738529531453,0.11470904403695731,0.23038289699010261,True,aipw_full,1.0,0.0,-1.468012584729509
304,0.01646046149516911,-0.13522846238812894,0.16814938537846716,0.3033778477665961,True,adaptive-plugin,0.4,0.00028706070671024225,-1.1927762280273198
305,0.08788667385426951,-0.0193042956232891,0.19507764333182814,0.21438193895511726,True,adaptive-balance,0.4,0.007809094001776635,-1.539996093282021
306,-0.014187673925875055,-0.1934141852222641,0.165038837370514,0.3584530225927781,True,random,0.4,0.00018783441118449162,-1.0259576663216035
307,-0.000482404458093999,-0.1156738529531453,0.11470904403695731,0.23038289699010261,True,aipw_full,1.0,0.0,-1.468012584729509
308,-0.025025674066891268,-0.1771372228059808,0.12708587467219826,0.30422309747817905,True,adaptive-plugin,0.4,0.0006023720830901116,-1.1899939734457547
309,-0.15739783199967278,-0.2733488807704269,-0.041446783228918635,0.23190209754150828,False,adaptive-balance,0.4,0.02462245140055646,-1.461439989735648
310,-0.0749685116946055,-0.2577789587501894,0.10784193536097844,0.3656208941111679,True,random,0.4,0.005548180171249091,-1.0061582908404916
311,-0.000482404458093999,-0.1156738529531453,0.11470904403695731,0.23038289699010261,True,aipw_full,1.0,0.0,-1.468012584729509
312,-0.027348785285198463,-0.1907472921306794,0.13604972156028247,0.32679701369096187,True,adaptive-plugin,0.4,0.0007218024187470063,-1.1184160540705936
313,0.028415587746832616,-0.06607651781962672,0.12290769331329195,0.18898421113291866,True,adaptive-balance,0.4,0.0008350939534759994,-1.666091806391336
314,0.022970678616634155,-0.15587328608258652,0.20181464331585483,0.35768792939844135,True,random,0.4,0.0005500471057101002,-1.0280943783286405
315,-0.000482404458093999,-0.1156738529531453,0.11470904403695731,0.23038289699010261,True,aipw_full,1.0,0.0,-1.468012584729509
316,-0.059397495344180484,-0.20844416370896177,0.0896491730206008,0.29809333672956256,True,adaptive-plugin,0.4,0.0034709879341158307,-1.2103486310150144
317,0.006356557584957678,-0.08688579726975608,0.09959891243967144,0.18648470970942752,True,adaptive-balance,0.4,4.677140182630157e-05,-1.6794060287314978
318,-0.07731232163407664,-0.26084112279912797,0.10621647953097471,0.3670576023301027,True,random,0.4,0.005902836173268353,-1.0022364886657114
319,-0.000482404458093999,-0.1156738529531453,0.11470904403695731,0.23038289699010261,True,aipw_full,1.0,0.0,-1.468012584729509
320,0.028345549318093965,-0.12525867510260488,0.1819497737387928,0.3072084488413977,True,adaptive-plugin,0.5,0.0008310509189220299,-1.1802287753478886
321,0.004009014367215347,-0.1069435902532665,0.11496161898769719,0.22190520924096369,True,adaptive-balance,0.5,2.0172843064343183e-05,-1.5055049736951458
322,-0.07959639131715812,-0.2404142070645498,0.08122142443023356,0.32163563149478336,True,random,0.5,0.006259022916736171,-1.134335953365624
323,-0.000482404458093999,-0.1156738529531453,0.11470904403695731,0.23038289699010261,True,aipw_full,1.0,0.0,-1.468012584729509
324,0.022071326444922934,-0.11343472390571241,0.15757737679555828,0.2710121007012707,True,adaptive-plugin,0.5,0.000508670777645701,-1.3055918070650994
325,-0.011716479475769925,-0.10452416391093473,0.08109120495939488,0.18561536887032962,True,adaptive-balance,0.5,0.00012620444150277036,-1.6840786556448848
326,-0.03096399461160282,-0.1940560755043619,0.13212808628115627,0.3261841617855182,True,random,0.5,0.0009291273382864858,-1.1202931436664563
327,-0.000482404458093999,-0.1156738529531453,0.11470904403695731,0.23038289699010261,True,aipw_full,1.0,0.0,-1.468012584729509
328,-0.026423014896420738,-0.20013469249933002,0.14728866270648855,0.3474233552058186,True,adaptive-plugin,0.5,0.0006729152699130261,-1.057211198863143
329,0.10283235308989236,-0.0025542313779798875,0.2082189375577646,0.2107731689357445,True,adaptive-balance,0.5,0.010673939127199205,-1.556972752504481
330,0.021644667373279303,-0.1417214196850172,0.1850107544315758,0.326732174116593,True,random,0.5,0.0004896073078307538,-1.118614483079707
331,-0.000482404458093999,-0.1156738529531453,0.11470904403695731,0.23038289699010261,True,aipw_full,1.0,0.0,-1.468012584729509
332,-0.021103220242569387,-0.16895822777896644,0.12675178729382766,0.2957100150727941,True,adaptive-plugin,0.5,0.0004252180436172693,-1.2183759836651409
333,-0.051329589513965934,-0.15339524639943047,0.05073606737149859,0.20413131377092905,True,adaptive-balance,0.5,0.002585436228106086,-1.5889917972651235
334,0.03849345025733597,-0.12515337750046882,0.20214027801514076,0.32729365551560957,True,random,0.5,0.0015191172507983046,-1.1168974819720474
335,-0.000482404458093999,-0.1156738529531453,0.11470904403695731,0.23038289699010261,True,aipw_full,1.0,0.0,-1.468012584729509
336,-0.0836942708629792,-0.2066644942006121,0.03927595247465368,0.24594044667526577,True,adaptive-plugin,0.5,0.0069242147105844625,-1.4026658590433976
337,0.045363748817944693,-0.045492020999010147,0.13621951863489953,0.18171153963390968,True,adaptive-balance,0.5,0.0021018697702100335,-1.7053347963291126
338,0.07631552332532987,-0.08837724369582431,0.24100829034648405,0.32938553404230836,True,random,0.5,0.005897921711827988,-1.1105263782857893
339,-0.000482404458093999,-0.1156738529531453,0.11470904403695731,0.23038289699010261,True,aipw_full,1.0,0.0,-1.468012584729509
340,-0.035390819346103775,-0.19109004267950344,0.12030840398729589,0.31139844666679933,True,adaptive-plugin,0.5,0.0012185974299934225,-1.1666820078194737
341,-0.004847905701432786,-0.09051802916580037,0.0808222177629348,0.17134024692873517,True,adaptive-balance,0.5,1.9057601105592497e-05,-1.7641039512850551
342,0.08792425916522828,-0.07437497941183122,0.2502234977422878,0.32459847715411905,True,random,0.5,0.007815738173007255,-1.1251663153663816
343,-0.000482404458093999,-0.1156738529531453,0.11470904403695731,0.23038289699010261,True,aipw_full,1.0,0.0,-1.468012584729509
344,0.018965534328186262,-0.11332904474352962,0.15126011339990214,0.26458915814343176,True,adaptive-plugin,0.5,0.00037822232303490416,-1.3295770026553793
345,0.030824755021260808,-0.061605758827024557,0.12325526886954617,0.18486102769657073,True,adaptive-balance,0.5,0.0009801382346657556,-1.688150937837304
346,-0.03190321816517405,-0.19320763851026096,0.12940120217991286,0.3226088406901738,True,random,0.5,0.0009872675340150297,-1.1313147091712559
347,-0.000482404458093999,-0.1156738529531453,0.11470904403695731,0.23038289699010261,True,aipw_full,1.0,0.0,-1.468012584729509
348,0.0016266104232199874,-0.14228617514052838,0.14553939598696836,0.28782557112749674,True,adaptive-plugin,0.5,4.447943769603848e-06,-1.2454006381370615
349,0.047436004055394276,-0.04857036551945915,0.1434423736302477,0.19201273914970685,True,adaptive-balance,0.5,0.0022961738744655454,-1.6501935594173456
350,-0.07968471562411783,-0.24246352181817216,0.0830940905699365,0.32555761238810865,True,random,0.5,0.0062730060940396635,-1.1222158364115091
351,-0.000482404458093999,-0.1156738529531453,0.11470904403695731,0.23038289699010261,True,aipw_full,1.0,0.0,-1.468012584729509
352,0.03748927990815065,-0.11230031731137771,0.18727887712767902,0.29957919443905673,True,adaptive-plugin,0.5,0.0014418488136097084,-1.2053764742128785
353,0.06845812053891909,-0.04879564406903483,0.185711885146873,0.23450752921590784,True,adaptive-balance,0.5,0.004752795986863786,-1.4502675840807149
354,-0.03292422353251745,-0.18990727128263937,0.12405882421760447,0.31396609550024385,True,random,0.5,0.0010524716248576252,-1.158470275017597
355,-0.000482404458093999,-0.1156738529531453,0.11470904403695731,0.23038289699010261,True,aipw_full,1.0,0.0,-1.468012584729509
356,0.017095268982401768,-0.11593896220710576,0.1501295001719093,0.26606846237901505,True,adaptive-plugin,0.5,0.0003089746035807103,-1.3240016259515917
357,0.025077985156229277,-0.07815063726640488,0.12830660757886342,0.20645724484526828,True,adaptive-balance,0.5,0.0006533335172360052,-1.5776619347723366
358,0.011513232092393633,-0.14315748369822642,0.1661839478830137,0.3093414315812401,True,random,0.5,0.0001438952962513948,-1.173309655525995
359,-0.000482404458093999,-0.1156738529531453,0.11470904403695731,0.23038289699010261,True,aipw_full,1.0,0.0,-1.468012584729509
360,-0.07559001412995714,-0.23225892735733278,0.0810788990974185,0.3133378264547513,True,adaptive-plugin,0.5,0.00564115303062095,-1.1604733527398041
361,0.038683658071878124,-0.05369417453805775,0.131061490681814,0.18475566521987175,True,adaptive-balance,0.5,0.0015339804541016863,-1.6887210553756735
362,-0.03499310343822837,-0.20008512433038747,0.13009891745393073,0.3301840417843182,True,random,0.5,0.0011909883440974474,-1.108105077603063
363,-0.000482404458093999,-0.1156738529531453,0.11470904403695731,0.23038289699010261,True,aipw_full,1.0,0.0,-1.468012584729509
364,0.03583488054181705,-0.10832844016467535,0.17999820124830945,0.2883266414129848,True,adaptive-plugin,0.5,0.001318945189764764,-1.2436612699600067
365,0.024848952866995178,-0.06684211195494329,0.11654001768893364,0.18338212964387693,True,adaptive-balance,0.5,0.0006416776639313491,-1.6961831631445958
366,0.10668929608557731,-0.05671449998731004,0.27009309215846466,0.3268075921457747,True,random,0.5,0.011485773397422358,-1.1183836844859265
367,-0.000482404458093999,-0.1156738529531453,0.11470904403695731,0.23038289699010261,True,aipw_full,1.0,0.0,-1.468012584729509
368,0.004837131208185186,-0.14313783872115313,0.1528121011375235,0.2959499398586766,True,adaptive-plugin,0.5,2.829745970481633e-05,-1.2175649610598969
369,0.05935555464435416,-0.04585530837447836,0.1645664176631867,0.21042172603766507,True,adaptive-balance,0.5,0.0035805813495462585,-1.5586415428143046
370,0.035873294723174465,-0.1254549771688975,0.19720156661524643,0.32265654378414393,True,random,0.5,0.0013217368629588845,-1.131166853435601
371,-0.000482404458093999,-0.1156738529531453,0.11470904403695731,0.23038289699010261,True,aipw_full,1.0,0.0,-1.468012584729509
372,-0.009629088960597665,-0.1586768774934467,0.13941869957225136,0.29809557706569806,True,adaptive-plugin,0.5,8.366183738834073e-05,-1.210341115490711
373,-0.008652977577252363,-0.10198845617134208,0.08468250101683736,0.18667095718817944,True,adaptive-balance,0.5,6.675826509551324e-05,-1.6784077992485258
374,0.014397954623722509,-0.1471870729447334,0.17598298219217842,0.3231700551369118,True,random,0.5,0.00022142508640379902,-1.1295766078128806
375,-0.000482404458093999,-0.1156738529531453,0.11470904403695731,0.23038289699010261,True,aipw_full,1.0,0.0,-1.468012584729509
376,-0.029638191847763506,-0.17347378218317105,0.11419739848764404,0.2876711806708151,True,adaptive-plugin,0.5,0.0008500599383116115,-1.2459371849026273
377,-0.01759520845190332,-0.13718943319514382,0.10199901629133717,0.239188449486481,True,adaptive-balance,0.5,0.00029284806053053627,-1.430503546171564
378,0.07571600508764265,-0.09137971035797868,0.24281172053326397,0.33419143089124265,True,random,0.5,0.005806197617299809,-1.0960413038101258
379,-0.000482404458093999,-0.1156738529531453,0.11470904403695731,0.23038289699010261,True,aipw_full,1.0,0.0,-1.468012584729509
380,0.008728635701566123,-0.14473010514713905,0.1621873765502713,0.30691748169741034,True,adaptive-plugin,0.5,8.484326082287157e-05,-1.181176356784497
381,0.06397069889283957,-0.03123376243465187,0.159175160220331,0.19040892265498288,True,adaptive-balance,0.5,0.0041542025315661245,-1.6585812950391596
382,-0.025595581684193514,-0.19370268239139718,0.14251151902301015,0.33621420141440733,True,random,0.5,0.0006306716703894833,-1.090006817928874
383,-0.000482404458093999,-0.1156738529531453,0.11470904403695731,0.23038289699010261,True,aipw_full,1.0,0.0,-1.468012584729509
384,0.008627231229830223,-0.12965719306451973,0.14691165552418017,0.2765688485886999,True,adaptive-plugin,0.5,8.298546236670262e-05,-1.2852954886943868
385,0.06383080129228935,-0.03702198146787143,0.16468358405245015,0.2017055655203216,True,adaptive-balance,0.5,0.0041361884338911425,-1.6009462413420597
386,0.07953803986735264,-0.08159489176137699,0.24067097149608227,0.32226586325745926,True,random,0.5,0.006403271510041905,-1.1323784118190845
387,-0.000482404458093999,-0.1156738529531453,0.11470904403695731,0.23038289699010261,True,aipw_full,1.0,0.0,-1.468012584729509
388,0.0322012968998413,-0.15347439895934953,0.21787699275903213,0.37135139171838166,True,adaptive-plugin,0.5,0.001068224334454702,-0.9906065171469615
389,0.02906852644992508,-0.06304363452057968,0.12118068742042984,0.18422432194100952,True,adaptive-balance,0.5,0.0008732575175305174,-1.6916011229383199
390,0.00889896632954068,-0.14653678617312452,0.16433471883220588,0.3108715050053304,True,random,0.5,8.801011785508533e-05,-1.168375619365415
391,-0.000482404458093999,-0.1156738529531453,0.11470904403695731,0.23038289699010261,True,aipw_full,1.0,0.0,-1.468012584729509
392,0.05854743517851291,-0.10122945895903998,0.2183243293160658,0.3195537882751058,True,adaptive-plugin,0.5,0.003484521967523528,-1.1408296679252738
393,0.05796908485136687,-0.03231299111258737,0.1482511608153211,0.18056415192790848,True,adaptive-balance,0.5,0.0034165766024940184,-1.7116691520102238
394,0.04362696251275733,-0.11995345666492069,0.20720738169043534,0.32716083835535603,True,random,0.5,0.00194563625456923,-1.117303368594634
395,-0.000482404458093999,-0.1156738529531453,0.11470904403695731,0.23038289699010261,True,aipw_full,1.0,0.0,-1.468012584729509
396,-0.017475788675888393,-0.14703930317066702,0.11208772581889023,0.25912702898955725,True,adaptive-plugin,0.5,0.0002887751071735836,-1.3504368780993679
397,-0.010019655226158664,-0.10707744490644831,0.08703813445413099,0.1941155793605793,True,adaptive-balance,0.5,9.095915221295003e-05,-1.639301527419346
398,-0.06548506015783451,-0.22638929409763778,0.09541917378196876,0.32180846787960654,True,random,0.5,0.004225345248019007,-1.1337987306631452
399,-0.000482404458093999,-0.1156738529531453,0.11470904403695731,0.23038289699010261,True,aipw_full,1.0,0.0,-1.468012584729509
400,0.0027206943496096425,-0.13371331062701317,0.13915469932623245,0.2728680099532456,True,adaptive-plugin,0.6,1.025984197191249e-05,-1.2987670807360712
401,0.023340065510998764,-0.06781874883728126,0.11449887985927878,0.18231762869656004,True,adaptive-balance,0.6,0.0005675100754283266,-1.7020049004009006
402,-0.0949989289685762,-0.23986398182513785,0.04986612388798545,0.2897301057131233,True,random,0.6,0.008933373405540583,-1.2388054592985336
403,-0.000482404458093999,-0.1156738529531453,0.11470904403695731,0.23038289699010261,True,aipw_full,1.0,0.0,-1.468012584729509
404,-0.020439887407221802,-0.17256865457000492,0.13168887975556132,0.30425753432556624,True,adaptive-plugin,0.6,0.000398301125664727,-1.1898807838202383
405,-0.004855241755476802,-0.09592146978673795,0.08621098627578434,0.1821324560625223,True,adaptive-balance,0.6,1.912170602938214e-05,-1.7030210760458835
406,-0.033337218885075015,-0.18184595457616629,0.11517151680601626,0.29701747138218254,True,random,0.6,0.0010794388310313599,-1.213964315706996
407,-0.000482404458093999,-0.1156738529531453,0.11470904403695731,0.23038289699010261,True,aipw_full,1.0,0.0,-1.468012584729509
408,-0.021781097592301624,-0.15941618015254175,0.1158539849679385,0.27527016512048025,True,adaptive-plugin,0.6,0.000453634329225143,-1.2900022449529833
409,0.0028285228319774314,-0.09103615248557562,0.09669319814953048,0.1877293506351061,True,adaptive-balance,0.6,1.0962239520139746e-05,-1.6727539776881983
410,0.0028762077049199197,-0.14796576748324178,0.15371818289308162,0.3016839503763234,True,random,0.6,1.1280275661545033e-05,-1.1983753315264025
411,-0.000482404458093999,-0.1156738529531453,0.11470904403695731,0.23038289699010261,True,aipw_full,1.0,0.0,-1.468012584729509
412,-0.019233845962790763,-0.1549744884901996,0.11650679656461807,0.27148128505481767,True,adaptive-plugin,0.6,0.00035161655850406446,-1.3038620736421729
413,-0.0003272412946528913,-0.08556236636029423,0.08490788377098844,0.17047025013128267,True,adaptive-balance,0.6,2.40756072890519e-08,-1.7691944835165572
414,-0.016858937553787756,-0.15888431540943931,0.1251664403018638,0.2840507557113031,True,random,0.6,0.00026819083623435294,-1.2586023394956432
415,-0.000482404458093999,-0.1156738529531453,0.11470904403695731,0.23038289699010261,True,aipw_full,1.0,0.0,-1.468012584729509
416,-0.01489752909045905,-0.13033241881286242,0.10053736063194432,0.23086977944480674,True,adaptive-plugin,0.6,0.00020779581816661764,-1.465901452760374
417,-0.023621901081299135,-0.11034886464780537,0.0631050624852071,0.17345392713301247,True,adaptive-balance,0.6,0.0005354363039753218,-1.751843264525413
418,0.03539612554861271,-0.10814564695154563,0.17893789804877105,0.2870835450003167,True,random,0.6,0.0012872689154421538,-1.2479820080211117
419,-0.000482404458093999,-0.1156738529531453,0.11470904403695731,0.23038289699010261,True,aipw_full,1.0,0.0,-1.468012584729509
420,-0.03196349854614833,-0.17072089654573588,0.10679389945343923,0.2775147959991751,True,adaptive-plugin,0.6,0.0009910592849809291,-1.2818810283011044
421,0.049435365407367704,-0.06279777409587425,0.16166850491060966,0.22446627900648392,True,adaptive-balance,0.6,0.0024917837483411963,-1.494029787952605
422,0.11212720882389804,-0.035983103811908,0.2602375214597041,0.2962206252716121,True,random,0.6,0.012680925003519798,-1.2166507466503074
423,-0.000482404458093999,-0.1156738529531453,0.11470904403695731,0.23038289699010261,True,aipw_full,1.0,0.0,-1.468012584729509
424,-0.06744685269802042,-0.19794140822221862,0.06304770282617778,0.2609891110483964,True,adaptive-plugin,0.6,0.004484237328077785,-1.3432765926508388
425,0.035595443952146866,-0.05326969451852567,0.1244605824228194,0.17773027694134508,True,adaptive-balance,0.6,0.0013016111459123194,-1.7274881759976146
426,0.0025443004682523807,-0.1434687857797925,0.14855738671629726,0.29202617249608975,True,random,0.6,9.160942711169444e-06,-1.2309118488946245
427,-0.000482404458093999,-0.1156738529531453,0.11470904403695731,0.23038289699010261,True,aipw_full,1.0,0.0,-1.468012584729509
428,-0.002779646232387578,-0.1409635972155081,0.13540430475073295,0.27636790196624106,True,adaptive-plugin,0.6,5.277319769559511e-06,-1.2860223227530876
429,-0.03319339725803183,-0.13360047262170138,0.06721367810563772,0.2008141507273391,True,adaptive-balance,0.6,0.0010700090499575847,-1.6053754218978833
430,-0.01616973559630397,-0.16284501955931485,0.1305055483667069,0.29335056792602177,True,random,0.6,0.0002460923582398521,-1.2263869076107043
431,-0.000482404458093999,-0.1156738529531453,0.11470904403695731,0.23038289699010261,True,aipw_full,1.0,0.0,-1.468012584729509
432,0.022079697244239416,-0.12637936518812387,0.1705387596766027,0.2969181248647266,True,adaptive-plugin,0.6,0.0005090484332264364,-1.2142988520405993
433,-0.021496679247426598,-0.11250621971778145,0.06951286122292825,0.1820190809407097,True,adaptive-balance,0.6,0.00044159974492157965,-1.7036437570671357
434,0.021841007114711264,-0.12754441820802725,0.17122643243744978,0.29877085064547704,True,random,0.6,0.000498334704248856,-1.20807838521626
435,-0.000482404458093999,-0.1156738529531453,0.11470904403695731,0.23038289699010261,True,aipw_full,1.0,0.0,-1.468012584729509
436,-0.010681116451752737,-0.1508149266158916,0.12945269371238613,0.28026762032827773,True,adaptive-plugin,0.6,0.00010401372632959859,-1.2720103453996299
437,-0.07732228451923084,-0.18133370317615627,0.026689134137694567,0.20802283731385082,True,adaptive-balance,0.6,0.005904367167809896,-1.5701074105296955
438,-0.029091733943684694,-0.1768577798673101,0.11867431197994072,0.2955320918472508,True,random,0.6,0.0008184937336150891,-1.2189778461807896
439,-0.000482404458093999,-0.1156738529531453,0.11470904403695731,0.23038289699010261,True,aipw_full,1.0,0.0,-1.468012584729509
440,-0.004971147268453491,-0.13031954460450346,0.12037725006759648,0.25069679467209993,True,adaptive-plugin,0.6,2.0148812017554028e-05,-1.3835110594117908
441,0.004760566693766233,-0.08785256324081335,0.09737369662834582,0.18522625986915917,True,adaptive-balance,0.6,2.7488746499238606e-05,-1.6861771748714829
442,0.04489971138444171,-0.10316867557417755,0.19296809834306097,0.2961367739172385,True,random,0.6,0.0020595364383453304,-1.2169338573366884
443,-0.000482404458093999,-0.1156738529531453,0.11470904403695731,0.23038289699010261,True,aipw_full,1.0,0.0,-1.468012584729509
444,-0.02368004264305723,-0.14899004340231398,0.10162995811619951,0.2506200015185135,True,adaptive-plugin,0.6,0.0005381304173604643,-1.3838174251859705
445,0.014638881320870545,-0.0860500959473184,0.11532785858905949,0.20137795453637788,True,adaptive-balance,0.6,0.00022865328360911535,-1.6025717657794547
446,-0.041551950040492835,-0.18704232483151123,0.10393842475052556,0.2909807495820368,True,random,0.6,0.0016867075743447358,-1.2344981666378758
447,-0.000482404458093999,-0.1156738529531453,0.11470904403695731,0.23038289699010261,True,aipw_full,1.0,0.0,-1.468012584729509
448,-0.0020153987128753714,-0.13850941704782904,0.1344786196220783,0.27298803666990734,True,adaptive-plugin,0.6,2.3500713851926954e-06,-1.2983273064793281
449,-0.04745854680346839,-0.14697459468553584,0.05205750107859905,0.1990320957641349,True,adaptive-balance,0.6,0.0022067579496528773,-1.6142891820158027
450,0.0006658432765238587,-0.1508745022231925,0.15220618877624023,0.30308069099943274,True,random,0.6,1.318472860055042e-06,-1.193756201997343
451,-0.000482404458093999,-0.1156738529531453,0.11470904403695731,0.23038289699010261,True,aipw_full,1.0,0.0,-1.468012584729509
452,0.011208493649685125,-0.1320272689022139,0.15444425620158414,0.28647152510379803,True,adaptive-plugin,0.6,0.0001366770985664735,-1.2501161365841975
453,0.045439998519049674,-0.05952347855354907,0.1504034755916484,0.20992695414519746,True,adaptive-balance,0.6,0.002108867095195174,-1.560995646177952
454,0.09068156956450524,-0.05428884678426091,0.23565198591327138,0.2899408326975323,True,random,0.6,0.00831087015959315,-1.2380784019985092
455,-0.000482404458093999,-0.1156738529531453,0.11470904403695731,0.23038289699010261,True,aipw_full,1.0,0.0,-1.468012584729509
456,0.004847629538424991,-0.14869594232693784,0.15839120140378782,0.30708714373072565,True,adaptive-plugin,0.6,2.84092624040482e-05,-1.1806237158739663
457,0.0901877382786348,-0.015110140597759197,0.1954856171550288,0.210595757752788,True,adaptive-balance,0.6,0.008221074783898774,-1.5578148231091362
458,0.015593363970676122,-0.13336077069291666,0.1645474986342689,0.29790826932718556,True,random,0.6,0.00025843033057544216,-1.2109696609130696
459,-0.000482404458093999,-0.1156738529531453,0.11470904403695731,0.23038289699010261,True,aipw_full,1.0,0.0,-1.468012584729509
460,0.007808466942663128,-0.12377483010165838,0.13939176398698463,0.263166594088643,True,adaptive-plugin,0.6,6.873854858389244e-05,-1.3349680097418848
461,0.03541028124250656,-0.05258805574850939,0.1234086182335225,0.1759966739820319,True,adaptive-balance,0.6,0.0012882848868020957,-1.7372901819519158
462,-0.033148548750188356,-0.17948005708519119,0.11318295958481447,0.29266301667000566,True,random,0.6,0.0010670769829119286,-1.228733445607687
463,-0.000482404458093999,-0.1156738529531453,0.11470904403695731,0.23038289699010261,True,aipw_full,1.0,0.0,-1.468012584729509
464,-0.0034779437992199513,-0.13599089929479466,0.12903501169635476,0.2650259109911494,True,adaptive-plugin,0.6,8.973255944233305e-06,-1.3279276804507136
465,-0.028459535509001044,-0.11714384071236784,0.06022476969436576,0.1773686104067336,True,adaptive-balance,0.6,0.0007827198618396271,-1.729525167227684
466,-0.0063226088083455645,-0.15270671137056824,0.1400614937538771,0.29276820512444535,True,random,0.6,3.410798685269731e-05,-1.228374091847055
467,-0.000482404458093999,-0.1156738529531453,0.11470904403695731,0.23038289699010261,True,aipw_full,1.0,0.0,-1.468012584729509
468,-0.009622396779821463,-0.14172735172790957,0.12248255816826664,0.2642099098961762,True,adaptive-plugin,0.6,8.353945964123699e-05,-1.3310113785278055
469,0.00801925075870391,-0.0802361621036193,0.09627466362102712,0.1765108257246464,True,adaptive-balance,0.6,7.227814142530711e-05,-1.7343730689393289
470,-0.04210805921787808,-0.19181139547748083,0.10759527704172467,0.2994066725192055,True,random,0.6,0.0017326951341807351,-1.2059525209416535
471,-0.000482404458093999,-0.1156738529531453,0.11470904403695731,0.23038289699010261,True,aipw_full,1.0,0.0,-1.468012584729509
472,-0.00862349828458464,-0.1430438130470714,0.1257968164779021,0.2688406295249735,True,adaptive-plugin,0.6,6.627740869172405e-05,-1.3136365302487827
473,-0.06578316842710785,-0.1552558665971211,0.02368952974290539,0.17894539634002649,True,adaptive-balance,0.6,0.0042641897749368576,-1.7206745680578435
474,-0.061031548611088726,-0.20709603733669316,0.0850329401145157,0.29212897745120886,True,random,0.6,0.0036661988576601355,-1.2305598706361438
475,-0.000482404458093999,-0.1156738529531453,0.11470904403695731,0.23038289699010261,True,aipw_full,1.0,0.0,-1.468012584729509
476,-0.030121290645455545,-0.15715770064682025,0.09691511935590916,0.2540728200027294,True,adaptive-plugin,0.6,0.000878463574427371,-1.3701343601280322
477,-0.045252395320281136,-0.1361045488159274,0.04559975817536513,0.18170430699129253,True,adaptive-balance,0.6,0.0020043520818003196,-1.705374600001326
478,0.021479354079567803,-0.1278300318974485,0.1707887400565841,0.2986187719540326,True,random,0.6,0.00048231883806656105,-1.20858752929569
479,-0.000482404458093999,-0.1156738529531453,0.11470904403695731,0.23038289699010261,True,aipw_full,1.0,0.0,-1.468012584729509
